antecedents,consequents,support,confidence,lift,pair
Item_9_Milk,Item_11_Milk,0.00019498878814468168,0.2,19.35283018867925,Item_11_Milk + Item_9_Milk
Item_10_Bev,Item_11_Food,0.00019498878814468168,0.08695652173913043,11.892173913043477,Item_10_Bev + Item_11_Food
Item_22_But,Item_19_Pat,0.0002924831822170225,0.030000000000000002,11.835,Item_19_Pat + Item_22_But
Item_18_Milk,Item_1_Fur,0.00019498878814468168,0.043478260869565216,7.5585851142225495,Item_18_Milk + Item_1_Fur
Item_7_Bev,Item_21_Bev,0.00019498878814468168,0.027777777777777776,6.625968992248062,Item_21_Bev + Item_7_Bev
